code,system
H310000,readv2
H312.00,readv2
H31z.00,readv2
H312z00,readv2
H312011,readv2
H311100,readv2
H31y100,readv2
H312000,readv2
H31..00,readv2
H312300,readv2
491,readv2
H3...00,readv2
66Yd.00,readv2
8H2R.00,readv2
66YL.12,readv2
66YL.00,readv2
66YL.11,readv2
H32..00,readv2
H322.00,readv2
H312100,readv2
H321.00,readv2
H32z.00,readv2
H32y200,readv2
H32y100,readv2
492,readv2
491 E,readv2
492 AC,readv2
H312200,readv2
5199G,readv2
H38..00,readv2
H37..00,readv2
H3z..11,readv2
H36..00,readv2
66YI.00,readv2
66YM.00,readv2
66YS.00,readv2
66YT.00,readv2
66YD.00,readv2
66YB.00,readv2
66Yg.00,readv2
66Yh.00,readv2
66Ye.00,readv2
66Yi.00,readv2
66Yf.00,readv2
5199GE,readv2